고유번호,Title,Content
1,세균성 안감염,"세균성 안겸염은 눈꺼플에 염증이 생겨 붉어지고 부어오를 증상을 동반합니다. 세균성 김염에 의해 주로 발병되고 반려견이 간지러움으로 인한 스트레스를 많이 받을 수 있으므로 빠른 병원 내원이 필요합니다.  진료가능 항목을 클릭하시면 평균 진료비를 확인하실 수 있습니다. 본 질병 조회는 문헌, 통계자료 분석에 의한 결과이므로 참고 자료로 활용하시고, 보다 정확한 진단은 수의사님의 진료가 필요합니다.   "
2,알레르기성 안검염,알레르기성 안겸염은 눈꺼플에 염증이 생겨 붉어지고 부어오를 증상을 동반합니다. 특정 음식이나 알러지 반응에 의해 주로 발병되고 반려견이 간지러움으로 인한 스트레스를 많이 받을 수 있으므로 빠른 병원 내원이 필요합니다.
3,안구건조증,"안구건조증은 눈꼽이 많이 끼고 흰자가 충혈되는 증상을 수반하므로, 의심히 병원을 내원하며 눈물량 검사를 통해 적절한 진단으로 증상이 악화되지 않도록 해야 합니다."
4,각막궤양,"각막궤양은 각막상처 재대로 치료가 안되서 발병하는 질병으로 원인은 세균감염, 스테로이드 성 약물 복용등으로 발병할 수 있습니다. 각막에 구명이 생겨 응급상황이 발생할 수 있으니 신속한 병원 내원이 필요합니다."
5,알레르기가 심한 경우,"음식 알레르기 또는 계절성 알레르기로 인해 발생하며, 너무나 많은 원인이 있을 수 있으므로 알레르기 검사로 정확한 원인 판단 후 치료가 필요합니다."
6,각막상처,각막상처는 검은자위 부분이 손상된 질병입니다. 반려견이 눈을 긁거나 사물에 부딪혀 생기는 경우가 많으며 향후 심각한 각막궤양으로 발전될 수 있습니다. 상처에 2차 감염되는 경우가 있어 적절한 안과적 치료가 요구됩니다.
7,세균 감염,"비교적 가벼운 안과적 질병이므로 빠른 치료를 필요로 합니다. 그대로 둘 경우 결막염, 안검염 등 심각하고 고질적인 질환으로 발병할 수 있으니, 초기 치료가 매우 중요합니다."
8,각막염,"각막에 혈관과 염증세포가 존재하는 것으로  자가면역성 질병이나 자외선 노출, 안구 상처 등의 원인으로 발병합니다. 표층 각막염이 심층으로 변화한 경우, 깊은 각막궤양이나 실질의 농양으로 심층성 각막염이 될 수 있습니다. 안약과 항생제 치료, 수술로 치료 가능합니다."
9,상공막염,상공막염은 흰자위 안쪽에 염증이 발생한 것으로 흰자위가 붉어지고 검은 부분까지 혈관이 내려오는 질병입니다. 여러가지 확진을 위해 정밀검사를 요하므로 신속한 병원 내원이 필요합니다.
10,녹내장,"녹내장은 노견 또는 눈의 손상이나 다른 안과 질환으로 유전적인 원인으로 발생하는 경우가 많고, 기본적인 치료로는 안압을 낮추는 것과 약물투여 통해 치료합니다."
11,전정장애,귀에서 뇌로 연결되는 평행감각을 다스리는 전정 부위에 이상이 생기는 질환입니다. 치료방법으로는 항생물질이나 스테로이드제를 투여하고 적절한 치료를 하면 며칠에서 몇 주 사이에 병상을 개선할 수 있습니다. 후유증으로 고개가 기울어진 상태가 지속되기도 하므로 이상이 보이면 조기에 진찰을 받아야 합니다.
12,백내장,"백내장은 노화 또는 유전적인 요인으로 발생하는 질병으로 
약물치료와 수술 및 초음파 치료합니다."
13,망막박리,"망막박리는 망막과 맥락막 사이에 염증 발생하거나 두부에 충격으로 인해 발생하는 질병으로, 검안경을 사용하여 안저 검사 후 수술을 통해 치료합니다."
14,각막염,"각막에 혈관과 염증세포가 존재하는 것으로  자가면역성 질병이나 자외선 노출, 안구 상처 등의 원인으로 발병합니다. 표층 각막염이 심층으로 변화한 경우, 깊은 각막궤양이나 실질의 농양으로 심층성 각막염이 될 수 있습니다. 안약과 항생제 치료, 수술로 치료 가능합니다."
15,포도막염,"홍채, 모양체, 맥락막 등의 포도막은 혈관이 많고 염증이 일어나기 쉬운 곳이다. 심해지면 실명할 우려도 있다. 치료방법으로는 원인을 알고 있다면 그에 따른 치료를 하면 되고, 원일을 알 수 없는 대부분의 경우에는 증상에 따라 소염제나 항생물질, 산동약 등으로 증상을 완화시키는 치료를 한다."
16,안구 탈출,사고나 싸움 등이 원인이 되어 안구가 눈꺼풀 밖으로 튀어나온 상태이다. 눈의 표면이 건조하거나 화농화되어 조직이 괴사하기도 한다. 치료방법으로 증상이 가벼우면 안구를 소독세정하고 냉각시켜 붓기를 가라앉히고 원래대로 돌린다. 심한 경우에는 눈꺼풀의 일부를 절개하여 집어넣어야 하며 중도의 손상이 있을 때에는 안구를 적출해야 하는 경우도 있다.
17,결막염,"눈꺼풀 안쪽, 뒤집은 것처럼 보이는 곳이 안검결막이다. 그 점막이 염증을 일으키는, 눈의 질병에서는 가장 흔히 발견되는 질환이다. 치료방법으로는 원인을 파악하고 치료하고 눈을 세정한 후 점 안약을 넣고 연고를 바른다."
18,유루증,일반적으로 비루관을 통해 코로 흘러내려야 하는 눈물이 코로 배출되지 못하고 눈으로 끊임없이 넘쳐나는 상태이다. 치료방법으로 다른 질환이 원인이라면 그 병부터 치료한다. 염증인 경우에는 항생물질을 투여한다. 누점이나 누관을 세정하는 경우도 있다.
19,체리아이,아랫눈꺼풀 안쪽의 안구를 보호하는 막에 있는 제삼안검선이 돌출되는 질환이다. 치료방법으로는 튀어나온 제삼안검을 원래 위치로 돌려놓고 봉합한다. 절제해야 하는 경우도 있다
20,디스템퍼(강아지 홍역),"디스템퍼는 강아지 홍역으로 소화기, 중추신경계 등에 영향을 주어 사망까지 이를 수 있습니다. 반려간의 감염 빈도도 매우 높으므로 반드시 예방접종을 하여야 하며 반려견이 사용하는공간의 소독도 필요합니다. 격리 치료가 필수이며 효과적인 치료약이 없기 때문에 증상에 따라 약을 투여 방식으로 꾸준한 치료를 해야 합니다."
21,안검내반.외반,"안검내반은 눈꺼풀과 속눈썹이 안쪽으로 감겨 있는 상태이다. 반대로 아랫눈꺼풀이 뒤집혀 있는 것처럼 바깥쪽으로 말려 있는 것이 안검외반이다. 치료, 간호방법으로는 결막염 등의 질환을 병발하는 경우가 많기 때문에 일단 그 질환부터 치료한다. 그 후 속눈썹을 뽑거나 연고를 발라서 대응한다. 내반, 외반 모두 중증인 경우에는 수술로 치료하는 것이 일반적이다."
22,당뇨병,"당뇨병은 췌장에서 인슐린이 제대로 분비되지 않아 발생하는 질병으로, 과식 또는 유전적인 요인과 노화로 인해 발생합니다. 치료방법은 사람과 매우 유사하게 식단관리, 인슐린 치료와 매일 정해진 시간대 운동, 정기적 검사를 통한 보호자의 꾸준한 혈당관리로 개선될 수 있습니다."
23,척추 질환,"척추질환은 반려견이 너무 마르거나 비만이여서 뼈에 손상이나 무리가 올 경우, 또는 과격한 운동으로 인해 발생합니다. 스테로이드제나 레이저로 통증을 완화해 주는 수술 또는 치료를 꾸준히 하셔야 합니다."
24,위확장-염전,"위확장(염전)은 가스가 많이 차서 위가 부풀어 올라 생기는 질병입니다. 혈관이 막히기 때문에 사망에 이를 수 있어, 반드시 신속하게 응급병원을 방문하셔야 합니다.."
25,피부 질환,"반려견의 피부질환은 원인이 매우 다양하고 치료가 어려운 경우가 많습니다. 따라서 발병 초기에변화를 인지하여 대처하는 게 매우 중요합니다. 대표적인 질환으로는 음식물과 환경으로 인한 '알레르기', 습기로 인한 '곰팡이균', 면역력 저하로 인한 '모낭염', 물집이 차는 '농가진', 기생충으로 인한 '개선충', 벌레로 인한 '습진성 피부염' 등이이 있으며, 발병시 꾸준한 연고 치료를 하셔야 합니다."
26,항문낭 질환,항문낭 질환은 항문낭은 항문 양 옆에 냄새나는 액체가 들어있는 주머니를 말하며 이 곳에 배변시 액체가 배출되지 않아 발병하는 염증 증상이다. 일반적으로 항생제 투여 방법으로 치료합니다.
27,직장 탈출증,"직장탈출증은 반려견 항문에 원통형으로 붉은 덩어리가 돌출되는 질병으로 직장에 질병이 있거나 기생층에 감염된 경우, 변비, 항문 주변 신경 손상, 암컷의 출산의 경우 발생합니다. 항생제 투여와 수술로 치료합니다."
28,기생충 감염,기생충 감염은 감염된 반려동물이 배설한 변 속의 기생충 알을 핥거나 먹으면 감염되는 된다.  모기 유충에 의해 심장에 기생하는 회충인 '심장사상충' 대표적인 질병으로 발병시 구충약 투여와 항생제 투여를 통해 치료합니다.
29,항문 주위 선종,항문 주위 선종은 남성호르몬과 관련되어 있으므로 대체로 중성화 수술을 하지 않은 중고령의 수컷에게 흔히 발병하는 질환입니다.  항문 주위에 종기의 수가 커지거나 늘어날 수 있으니 조기에 수술하는 것이 좋습니다.  드물지만 암컷에게 생기는 경우도 있으므로 주의해야 합니다.
30,간염,"반려견의 간염은 전염성을 수반하는 바이러스 인해 발생하는 질병으로 예방 접종을 하지 않은 대부분의 경우 많이 발생합니다. 증상이 심한 경우 생명을 잃을 수도 있다. 다른 가축과 야생동물 등에 전염성이 매우 높은 질병이므로  백신접종이 최선의 예방이며, 2차 감염 예방을 위해 항생제 투여를 실시 해 주는것이 좋습니다."
31,뇌 및 신경계 손상,"뇌, 신경계 손상은 추간판탈출증이라고도 하는데, 다스훈트, 시츄, 토이푸들 등 다리가 짦은 아기들 한테 자주 나타나는 질병입니다 심한 움직임으로 인한 부상이 원인이며, 최기는 스테로이드 소염제로 치료하고,  심한 경우에는 외과적 수술이 필요합니다."
32,치매,"치매는 사람과 같이 나이가 들어 발생하는 질병으로 대형견은 7살, 소형견은 10살이 넘을 즈음 주로 나타납니다. 인지장애가 대표적인 증상이며, 적절한 약물투여와 보조제, 상황 인지능력을 향상시키는 산책, 입에 자극을 유도할 수 있는 큰 사이즈의 사료로 교체, 그리고 배변을 실수하더라 혼내지 않는 사랑스러운 마음을 가지신다면 진행을 늦추거나 상태가 호전될 수 있습니다."
33,전정기관 손상,"전정기관은 귀 안쪽에 있으며 몸의 평형감감각을 유지해 주는 기관이다. 중이염이 유발되기도 하고 어지럼증으로 인한 구토와 영양 불균형 현상도 밣생할 수 있다. 특별한 치료법은 없으며, 추가적인 감염을 억제하는 증상별 보조 치료가 필요하다."
34,소뇌손상,"소뇌는 신체의 운동기능을 조절하며 동시에 평형감각을 유지하는 기능을 하는데, 소뇌가 손상된 경우에는 갑작스럽게, 중심을 잘 못잡고 휘청거리면서 걸으며, 쓰러지는 증상을 보이기도 합니다. MRI 검사 결과를 기바능로 지속적인 추적 치료가 필수입니다."
35,척추손상,"낙상, 교통사고가 원인인 경우 많으며, 척의 뼈 사이에 존재하는 추간판이 외부의 충격으로 손상을 입게된 경우 발생, 강아지의 신체 특성상 앞다리에 체중이 많이 쏠려 2차 질환 및 전신마비로 증상이 악화될 수 있으니, 신속한 뱡원 검사 및 진료가 필요합니다."
36,디스템퍼(강아지 홍역),"디스템퍼는 강아지 홍역으로 소화기, 중추신경계 등에 영향을 주어 사망까지 이를 수 있습니다. 반려간의 감염 빈도도 매우 높으므로 반드시 예방접종을 하여야 하며 반려견이 사용하는공간의 소독도 필요합니다. 격리 치료가 필수이며 효과적인 치료약이 없기 때문에 증상에 따라 약을 투여 방식으로 꾸준한 치료를 해야 합니다."
37,간 질환,반려견도 사람과 같이 간은 해독작용을 하는 기관입니디. 증상이 뚜렷하지 않고 다양한 합병증을 수반하므로 주기적인 건강점진과 외부 음식에 대한 섭취에 각별히 신경을 써야 예방할 수 있습니다.
38,파보바이러스 장염,"파보바이러는 세포를 주로 공격하는 바이러스로, 소장, 림프 형성 조직 및 골수에서 복제되어 위장 및 심장 질환을 일으킵니다. 반려견간의 감영이나 산책 중 대변에 의해 전염되기도 합니다. 적절한 치료법은 예방접종이며 약물과 영양제 투여 및 구충제 투여로 집중적인 치료를 해야 합니다."
39,심장사상충 감염,"심장사상충은 모기가 전파하는 기생충성 전염병, 기침 증상으로 성충이 된 심사사상충이 반려견의 심장과 혈관에 번식하여 사망까지 이르게 합니다. 사망률도 매우 높고 뚜렷한 치료방법이 없어 한달에 한 번 꼴로 주기적인 예방을 하는 것이 최선의 방법입니다. 초기 약물치료가 가능하나, 증상이 심할 경우 외과적 수술도 고려하셔야 합니다."
40,심장질환,"반려견에게 자주 발생하는 심장질환은 이첨판 또는 삼첨판 폐쇄부전이라고 불리는 심장 판막질환이 70~75%로 가장 많고, 8%는 심근질환입니다. 정기적인 심장 검사를 통해 예방할 수 있습니다."
41,망막박리,"망막박리는 망막과 맥락막 사이에 염증 발생하거나 두부에 충격으로 인해 발생하는 질병으로, 검안경을 사용하여 안저 검사 후 수술을 통해 치료합니다."
42,녹내장,"녹내장은 노견 또는 눈의 손상이나 다른 안과 질환으로 유전적인 원인으로 발생하는 경우가 많고, 기본적인 치료로는 안압을 낮추는 것과 약물투여 통해 치료합니다."
43,백내장,"백내장은 노화 또는 유전적인 요인으로 발생하는 질병으로 
약물치료와 수술 및 초음파 치료합니다."
44,분리불안증,혼자 있는 것에 극도의 불안과 스트레스를 느끼는 반려견의 정신적인 병 중 하나입니다. 치료에는 행동요법과 약물요법이 있습니다. 약물요법은 행동 요법의 보조수단으로 혼자 있는 시간을 점차점차 늘리는 꾸준한 행동요법을 통해 치료할 수 있습니다.
45,세균 및 바이러스 감염,"반려견이 콧물이 나는 경우 가장 흔한 원인은 바이러스, 세균, 진균 등에 의한 감염이다. 일반 엑스레이 및 치과 엑스레이검사, 비강 내시경검사, CT검사, 콧물의 세균/곰팡이 배양검사 및 세포학검사, 비강점막 조직검사 등 여러 검사를 통해 비교적 정확한 원인을 찾을 수 있다. 검사 이후에는 일반적으로 항생제, 항진균제, 소염제 등의 약물처방으로 치료를 합니다."
46,비염,"비염은 바이러스나 세균, 곰팡이의 일종인 진균에 감염되거나 알레르기가 원인이 되어 발병하는 질병으로 항생물질이나 소염제를 투여를 통해 치료합니다."
47,혈액응고 장애,"반려견의 피부, 항문, 생식기 부분에 반상출혈이 확인되는 경우 혈액 응고 장애를 의심해 볼 수 있습니다. 혈액 검사를 통해 혈소판 상태를 확인하고 중성화 수술과 약물치료로 증상을 호전시킬 수 있습니다."
48,종양,"반려견에게 발병하는 주요 종양은, 가장 흔희 생기는 유선종양, 말랑말랑한 혹 덩어리가 생기는 지방종, 피부종양인 비만세포종, 혈관 내비 세포의 악성 종양인 혈관 육종, 림프절이 확장하는 림프종 등 그 종류가 매우 다양합니다. 종양의 종류와 시기에 따라 수술과 꾸준한 항암치료로 상태가 호전될 수 있습니다."
49,폐수종,"폐수종은 폐 속에 액체가 차서 공기가 제대로 순환하지 못해 호흡 곤란을 유발하는 질병으로, 폐렴이나 심장질환 등이 원인이며, 세균 감염이나 극도의 스트레스, 급격한 운동 등으로 발병합니다. 뚜렷한 예방법이 없기 때문에 주기적인 검사를 통해 예방하셔야 합니다."
50,혈소판 감소증,"출혈이 생겼을 때 혈액을 응고시키는 작용을 하는 혈소판이 감소하여 생기는 질병입니다. 완치는 불가능하지만 치료에 따라 증상을 완화시킬 수 있습니다. 빈혈이 심할 때에는 수혈을 하는 것이 좋지만, 혈액형이 적합하고 혈액을 제공하는 개가 가까이 있어야만 가능합니다. 치료는 장기간에 걸쳐 진행되는 경우가 종종 있습니다."
51,부비강염,비염이 장기화되어 발생하는 만성적인 질환입니다. 치료방법은 비염과 마찬가지로 소염제나 항생물질을 투여합니다. 심한 경우에는 튜브 등을 통해 부비강을 세정하는 방법도 있습니다.
52,디스템퍼(강아지 홍역),"디스템퍼는 강아지 홍역으로 소화기, 중추신경계 등에 영향을 주어 사망까지 이를 수 있습니다. 반려간의 감염 빈도도 매우 높으므로 반드시 예방접종을 하여야 하며 반려견이 사용하는공간의 소독도 필요합니다. 격리 치료가 필수이며 효과적인 치료약이 없기 때문에 증상에 따라 약을 투여 방식으로 꾸준한 치료를 해야 합니다."
53,켄넬코프,"개의 전염성 기관지염으로 '개가 걸리는 감기' 입니다. 치료방법은 바이러스에 효과적인 약이 없기 때문에 기침을 가라앉히기 위한 치료를 중심으로 항생물질 등을 투여합니다. 가정에서는 보온이나 환기에 주의를 기울이고, 폐렴으로 전이되지 않도록 주의하고 컨디션이 좋지 않을 때에는 개가 모여 있는 곳에 데려가지 않도록 합니다."
54,비염,"비염은 바이러스나 세균, 곰팡이의 일종인 진균에 감염되거나 알레르기가 원인이 되어 발병하는 질병으로 항생물질이나 소염제를 투여를 통해 치료합니다."
55,부비강염,비염이 장기화되어 발생하는 만성적인 질환입니다. 치료방법은 비염과 마찬가지로 소염제나 항생물질을 투여합니다. 심한 경우에는 튜브 등을 통해 부비강을 세정하는 방법도 있습니다.
56,종양,"반려견에게 발병하는 주요 종양은, 가장 흔희 생기는 유선종양, 말랑말랑한 혹 덩어리가 생기는 지방종, 피부종양인 비만세포종, 혈관 내비 세포의 악성 종양인 혈관 육종, 림프절이 확장하는 림프종 등 그 종류가 매우 다양합니다. 종양의 종류와 시기에 따라 수술과 꾸준한 항암치료로 상태가 호전될 수 있습니다."
57,종양,"반려견에게 발병하는 주요 종양은, 가장 흔희 생기는 유선종양, 말랑말랑한 혹 덩어리가 생기는 지방종, 피부종양인 비만세포종, 혈관 내비 세포의 악성 종양인 혈관 육종, 림프절이 확장하는 림프종 등 그 종류가 매우 다양합니다. 종양의 종류와 시기에 따라 수술과 꾸준한 항암치료로 상태가 호전될 수 있습니다."
58,연구개과장증,퍼그나 시츄 등 코가 납작한 단두종에서 흔히 나타납니다.  목의 인후두부에 있는 덮개가 보통의 강아지보다 늘어져서 기도로 공기를 보내는 것을 방해하는 것이 원인입니다. 일상생활에 지장을 주지 않으면 크게 걱정하지 않아도 되지만 혀가 보라색이 되고 호흡곤란이 반복적으로 일어나는 경우 절제 수술을 필요로 합니다. 기침을 동반한다면 심장 질환일 수 있으니 정확한 검진을 받아보셔야 합니다.
59,췌장염,"췌장염은 비만과 고지방 사료나 사람이 먹는 음식, 호르몬 질환 또는 당뇨, 간염, 소화기 염증등 다양한 원인으로 발생하는 질병으로 수액요법으로 정맥에 주입하여 치료합니다."
60,위궤양,위궤양은 비만 세포증이나 신부전 등에 의해 발생하는 질병으로 구토를 자주하는 증상이 관찰된다. 의심 증상 발견시 위내시경 검사 후 약물치료 또는 수술로 치료합니다.
61,치주염,"치주염은 치석이 쌓여 염증 발생으로 생기는 질환이다. 반려견에 자주 걸리는 질병으로 
스케일링 후 흔들리는 치아를 발치하는 치료를 합니다."
62,케톤증,케톤증은 당뇨병을 방치할 경우 발생하는 질병으로 몸에 있는 탄수화물을 제대로 사용을 못하고 많은 양의 지방을 분해할 때 케톤이라는 물질이 다량 생성되어 심각한 전신질환을 유발한다. 정기적인 검사와 집중적인 치료를 요하는 질병입니다.
63,타액낭종,"얼굴에 있는 침샘 또는 침샘의 도관이 막혀 고여있거나 터져서  피부 아래(턱, 혀, 인두 아래)에 침이 고여있는 것입니다.  원인은 외부 창상 또는 특발성이며, 통증을 유발하진 않으나  아이가 음식물을 삼키는 것이 어려우며, 종종 호흡곤란이나 구토를 유발할 수 있습니다. 점액종에 충격을 받을 시 피를 흘리거나 식욕부진을 보일 수 있으니 주의하셔야 합니다. 종괴는 배액 하거나 개방창을 만들고 침샘을 제거하여 치료합니다."
64,당뇨병,"당뇨병은 췌장에서 인슐린이 제대로 분비되지 않아 발생하는 질병으로, 과식 또는 유전적인 요인과 노화로 인해 발생합니다. 치료방법은 사람과 매우 유사하게 식단관리, 인슐린 치료와 매일 정해진 시간대 운동, 정기적 검사를 통한 보호자의 꾸준한 혈당관리로 개선될 수 있습니다."
65,쿠싱증후군,"쿠싱증후근은 공팥 위에 있는 부신이라는 기관이 호르몬을 분비하는데, 이 호르몬이 과다 분비되어 발생하는 질병입니다. 종양이나 종종 멍이드는 것도 관찰될 수 있으먀, 스테로이드 약물 복용으로도 발병할 수 있으며, 정확한 검사를 통해 수술이나 약물로 치료할 수 있습니다."
66,신부전,"신부전증은 신장의 일부 기능에 문제가 생겨 나타나는 증상으로 급성과 만성으로 나울 수 있습니다. 급성 신부전증은 비교적 치료가 쉬우나 만성 신부전증은 신장의 대부분이 망가진 상태라 회복이 어려운 경우도 종종 있습니다. 원인은 당뇨병이나 요로가 막혀 생기는 경우가 있으며, 사람이 먹은 음삭을 먹어 생기는 경우도 있으니, 꾸준한 검사와 보호자의 관심이 필요합니다."
67,복막염,"복막염은 위, 소장 그리고 대장과 같은 여러 장기들이 자리잡고 있는 복강을 둘러싸고 있는 얇은 막에 염증이 생겨 발생하는 질병으로, 통증이 심한 경우가 많기 때문에 굉장히 예민해져 있는 경우가 많습니다. 발병신 신속한 수술을 요하는 질병입니다."
68,구강종양,"구강종양은 특별한 원인이 없이 단지 노화가 되면서 발생하는 질병으로, 정기적인 검진이 꼭 합니다.강아지에게 자주 발생하는 종양 중에는 잇몸에 생기는 종양, 치은종이 대표적이며 스케일링과 발치 수술로 치료합니다."
69,식도질환,"식도증상이 심할 경우는 반려견이 구토 증상보이는데, 구토물은 확인해 보면 혈액이 희석이 안되었으므로 본래의 음식물 형태를 띱니다. 식도 조영이나 내시경으로 진단후 관찰 치료를 합니다."
70,구강질환,"반려동물은 사람과 달리 매일 양치질을 안하므로 다양한 구강질환을 겪습니다. 이러한 치주질환은 잇몸에 염증이 생기는 '치은염', 치은염 치료를 제 대 안 할시 생기는 '치주염' 등이 대표적이며 스케링을 기본으로 진행하고 심한 경우는 발치 치료가 필요합니다. 치은염과 치주염이 심화될 경우 세균 감염에 의한 '치주농양'도 발병할 수 있으니 치과 진료가 반드시 필요합니다."
71,광견병,광견병은 광견병 바이러스에 의해 15-60일 간의 잠복기를 두고 발병하는 질병으로 사후 치료법은 없고 사망률이 거의 100%에 이르는 매우 위험한 질병입니다. 경련과 발작이 반복되어 반려견이 매우 고통스러워 합니다. 정기적인 예방접종 만이 최선의 치료입니다.
72,구내염,"구내염은 세균감염. 영양결핍, 상처 등에 의해 발병하는 질병으로, 통증이 심해질 경우 반려견이 제대로 음식물을 씹지 못할 정도로고통스러워 하는 질병이다. 치과적 진단 후 항생제 투여 또는 염증치료를 반드시 수반해야 합니다."
73,방광염,"방광염은 스트레스, 위생문제, 음수량 부족 등으로 발생하는 질병으로 재발율아 높습니다.  항생제 치료를 통해 증상을 호전 시킬 수 있습니다."
74,렙토스피라 감염증,개뿐만 아니라 대부분의 동물이 감염되는 질병으로 동물에게서 사람에게 감염되기도 합니다. 대부분은 증상이 나타나지 않지만 급성 증상이 나타난 경우에는 사망률이 높은 질병입니다. 항생물질을 투여하는 외에 신장이나 간장장애를 치료합니다. 습도가 높은 환경에서 쉽게 발생하므로 청결이나 위생에 신경 써야합니다. 사람에게 감염될 우려가 있으므로 간호 후에 소독을 충분히 해야합니다. 하지만 이 질병은 백신으로 예방할 수 있습니다.
75,장폐색,"장폐색은 위에서 내려온 내용물이 장에서 막히는 질환으로, 증상이 심하면 내용물이 전혀 움직이지 않기 때문에 사망에 이르기도 합니다. 탈수증상이나 쇼크증상을 치료로 가라앉히고, 상태가 안정된 후에는 한시라도 빨리 개복수술을 해야 합니다. 치료 후에는 일정 기간 절식시킨 후 수분보급, 유동식 순으로 급여합니다."
76,구강종양,"구강종양은 특별한 원인이 없이 단지 노화가 되면서 발생하는 질병으로, 정기적인 검진이 꼭 합니다.강아지에게 자주 발생하는 종양 중에는 잇몸에 생기는 종양, 치은종이 대표적이며 스케일링과 발치 수술로 치료합니다."
77,파보바이러스 장염,"파보바이러는 세포를 주로 공격하는 바이러스로, 소장, 림프 형성 조직 및 골수에서 복제되어 위장 및 심장 질환을 일으킵니다. 반려견간의 감영이나 산책 중 대변에 의해 전염되기도 합니다. 적절한 치료법은 예방접종이며 약물과 영양제 투여 및 구충제 투여로 집중적인 치료를 해야 합니다."
78,급성 간염,바이러스 감염이나 중독 등에 의해 간장이 장해를 받아 발생하는 질환입니다. 치료방법은 수액을 맞히거나 해독제를 투여해서 응급처지를 한 후 충분한 휴식과 영양을 공급해 간 기능 회복을 촉진시킵니다. 평소 고지방 식단을 피하고 양질의 단백질로 구성된 처방식을 주는 것이 좋습니다.
79,췌장염,"췌장염은 비만과 고지방 사료나 사람이 먹는 음식, 호르몬 질환 또는 당뇨, 간염, 소화기 염증등 다양한 원인으로 발생하는 질병으로 수액요법으로 정맥에 주입하여 치료합니다."
80,급성 신부전,"급성 신부전은 선천적인 경우 또는 독성물질 섭취, 감염, 심장질환, 부정맥, 탈수 등으로 발생하는 질병으로 혈액 투석으로 치료합니다."
81,자궁 축농증,자궁 축농증은 세균 감염으로 자궁에 농이 차는 질환으로자궁과 난소를 제거하는 수술로 치료합니다.
82,열사병,열사병은 반려견이 땀으로 체온을 조절하기 어려운 신체구조를 갖고 있기 때문에 생깁니다. 뜨겁고 환기가잘 안되는 공간에서 걸릴 확률이 높으며 몸의 온도를 내리기 위해 물을 뿌려주거나 적신 타월을 감싸주고 물을 최대한 많이 공급해 주어야 증상을 완화시킬 수 있습니다.
83,구내염 (반려묘),"혀나 잇몸에 궤양이 발생하는 질병으로 혀의 테두리를 따라 허는 듯한 모습으로 관찰되기도 합니다. 잇몸과 입술 등에도 나타납니다. 바이러스 질환이나 구강 세균, 면역 작용에 의한 것까지 원인은 다양합니다. 감염된 원인체를 확인하여 치료해야 합니다. 치과 치료를 병행하기도 하며  심한 경우 스케일링 및 발치에 이르는 치료가 필요할 수 있습니다."
84,치주 질환,초기에는 잇몸이 염증을 일으키는 잇몸염증이 되지만 점차 치주염으로 진행되고 이빨이 흔들리게 되어 빠지거나 고름이 고이며 원래 상태로는 돌아갈 수 없다. 치료방법은 입안을 청결하게 하고 치구를 제거한 후 필요에 따라 항생물질을 투여한다. 심할 경우에는 마취하에 치구나 치석을 제거하고 환부를 소독하여 항생물질이나 소독제를 투여한다
85,비염,"비염은 바이러스나 세균, 곰팡이의 일종인 진균에 감염되거나 알레르기가 원인이 되어 발병하는 질병으로 항생물질이나 소염제를 투여를 통해 치료합니다."
86,회충증,"개에게 가장 많이 존재하는 내장 기생충으로 개회충과 개소회충 두 종류가 있습니다. 특히 자견에게 많으며 대체로 어미의 뱃속에서 태내 감염되는데, 이 경우 신생아에게 이미 기생하고 있습니다. 치료방법은 구충약을 투여하고 항생제 등으로 체력회복을 도모해야합니다. 배변 후에는 변을 즉시 처리하는 등 위생에 신경 쓰는 것이 예방이 됩니다. 두물지만 사람이 감염되는 경우도 있으므로 특히 아이가 있는 집에서는 주의가 필요합니다."
87,췌외분비부전,"췌장에서 소화효소가 충분히 분비되지 않기 때문에 식욕이 왕성한데도 소화불량을 일으키고, 영양을 흡수하지 못해 체중이 감소하는 질병이다. 치료방법으로는 소화효소를 투여해서 보급하고 비타민 보충제 등으로 영양의 밸런스를 맞춰준다. 항생물질이나 스테로이드제를 처방하는 경우도 있다. 식사는 저지방으로 소화하기 쉬운 것을 조금씩 급여하도록 한다. 개가 과식을 하지 않도록 신경 쓴다."
88,자궁 축농증,자궁 축농증은 세균 감염으로 자궁에 농이 차는 질환으로자궁과 난소를 제거하는 수술로 치료합니다.
89,당뇨병,"당뇨병은 췌장에서 인슐린이 제대로 분비되지 않아 발생하는 질병으로, 과식 또는 유전적인 요인과 노화로 인해 발생합니다. 치료방법은 사람과 매우 유사하게 식단관리, 인슐린 치료와 매일 정해진 시간대 운동, 정기적 검사를 통한 보호자의 꾸준한 혈당관리로 개선될 수 있습니다."
90,요붕증,소변의 과다배출을 막는 호르몬에 이상이 생기거나 신장에 문제가 있기 때문에 물을 많이 먹고 소변을 많이 보는 다음다뇨가 되는 질병이다. 치료방법은 약물로 치료할 수 있다. 치료를 계속하면 탈수증상을 일으키지 않도록 음수량을 조절해야 한다
91,만성 신부전,"급성 신부전과 마찬가지로 신장의 기능을 75% 이상 상실한 상태이다. 수축되어 딱딱해져 있는 경우가 많고, 나이를 먹은 개일수록 발생률이 높아지고 안타깝게도 기능회복은 기대할 수 없다. 치료방법은 일단 나빠진 신장의 기능은 다시 회복되지 않고 계속 악화되기 때문에 치료는 최대한 증상을 완화시키는 것이 목적이다. 증상에 맞게 식사요법이나 약물 투여, 수액 등의 치료가 진행된다. 인공투석이나 신장이식은 특별한 시설에서만 가능하고 아직 일반적이지 않다. 장관 내에서 독소를 흡수하는 작용을 하는 카본계 내복약이나 신장병 전용 치료식을 주거나, 단백질이나 인, 나트륨을 삼간 식사요법을 통해 진행을 늦추고 좋은 상태를 유지시키는 예도 적지 않다."
92,상피소체 기능항진증.저하증,"상피소체 호르몬의 일종이 과다하게 분비되거나 부족하면 칼슘 대사에 장애가 생긴다. 분비량이 증가하는 것을 상피소체 항진증, 감소하는 것을 상피소체 저하증이라고 한다. 치료방법으로는 항진증은 상피소체를 수술로 절제한다. 원인에 따라서는 칼슘제의 투여나 식사요법을 실시한다. 저하증의 치료에는 칼슘제나 비타민 D를 투여한다."
93,쿠싱증후군,"쿠싱증후근은 공팥 위에 있는 부신이라는 기관이 호르몬을 분비하는데, 이 호르몬이 과다 분비되어 발생하는 질병입니다. 종양이나 종종 멍이드는 것도 관찰될 수 있으먀, 스테로이드 약물 복용으로도 발병할 수 있으며, 정확한 검사를 통해 수술이나 약물로 치료할 수 있습니다."
94,당뇨병,"당뇨병은 췌장에서 인슐린이 제대로 분비되지 않아 발생하는 질병으로, 과식 또는 유전적인 요인과 노화로 인해 발생합니다. 치료방법은 사람과 매우 유사하게 식단관리, 인슐린 치료와 매일 정해진 시간대 운동, 정기적 검사를 통한 보호자의 꾸준한 혈당관리로 개선될 수 있습니다."
95,쿠싱증후군,"쿠싱증후근은 공팥 위에 있는 부신이라는 기관이 호르몬을 분비하는데, 이 호르몬이 과다 분비되어 발생하는 질병입니다. 종양이나 종종 멍이드는 것도 관찰될 수 있으먀, 스테로이드 약물 복용으로도 발병할 수 있으며, 정확한 검사를 통해 수술이나 약물로 치료할 수 있습니다."
96,요붕증,소변의 과다배출을 막는 호르몬에 이상이 생기거나 신장에 문제가 있기 때문에 물을 많이 먹고 소변을 많이 보는 다음다뇨가 되는 질병이다. 치료방법은 약물로 치료할 수 있다. 치료를 계속하면 탈수증상을 일으키지 않도록 음수량을 조절해야 한다
97,슬개골 탈구,"슬개골탈구는 뒤쪽 다리 무릎쪽에 위치한 슬개골이 정상 위치를 벗어나 생기는 질병입니다. 초기에는 증상이 관찰되지 않지만, 앞다리를 들고 다니거나 높이 뛰어 오르는 경우 통증을 호호하는 경우가 있습니다. 소형견에게 잘 나타나며  수술 치료후 재발이 많으므로 각별한 사후 관리가 요구됩니다."
98,관절염,"관절염은 노화, 부상, 감염 등의 질병으로 인해 염증이 발생하며,
약물치료와 수술이 요구되는 질병입니다."
99,고관절 탈구,고관절 탈구는 반려견의 뒷다리 뼈가 제위치를 벗어난 경우 발생하는 질병으로 움직이는 것 조차 힘들어 하는 모습이 관찰됩니다.  수술로 탈구된 뼈를 제거하고 꾸준한 재활치료를 해야 합니다.
100,전십자인대 손상,전십자인대에 문제가 생긴 경우에는 반려견의 다리가 계속 바깥쪽으로 미끄러져서 정상적인 보행이 어렵습니다. 경증일 경우는 약물 중증일 경우는 수술로 치료해야 합니다.
101,골절 (반려견),"대부분의 골절은 사고 등의 충격으로 발생하는데, 뼈의 형성이 나쁘거나 구루병이나 뼈 종양 등에 의해서 뼈가 쇠약해지기 때문에 정상적이라면 버틸 수 있는 정도의 힘에도 쉽게 골절 되는 경우가 있습니다. 치료방법으로는 피부가 찢어져 뼈가 보이는 경우에는 응급처치로 소독한 후에 2차 감염을 예방하기 위해서 재빨리 거즈 등으로 청결하게 합니다. 판자나 박스 등을 간단한 지지대로 삼아 환부에 고정하고 가능한 움직이지 않게 해서 병원으로 가야합니다. 골절 치료법은 다양하지만, 기본적으로 뼈를 정상적인 위치로 되돌려 재생할 때까지 이탈을 막는 것입니다."
102,관절염,"관절염은 노화, 부상, 감염 등의 질병으로 인해 염증이 발생하며,
약물치료와 수술이 요구되는 질병입니다."
103,탈구,"관절부에 의해 연결되어 있는 뼈와 뼈가 관절에서 벗어나 정상적인 위치에서 벗어나는 것이 탈구이다. 치료방법으로는 X선 검사 후에 가능한 빨리 관절을 정상 위치로 되돌린다. 대부분은 마취를 하고 피부 위에서 힘을 가해 수복하는데, 외과수술이 필요한 경우도 적지 않습니다. 수복 후에는 환부를 고정해서 안정을 유지하고 약으로 염증을 가라앉힙니다. 탈구는 습관성이 되는 경우가 많으므로 그 후의 생활 관리에 주의를 기울여야 합니다."
104,전십자인대 손상,전십자인대에 문제가 생긴 경우에는 반려견의 다리가 계속 바깥쪽으로 미끄러져서 정상적인 보행이 어렵습니다. 경증일 경우는 약물 중증일 경우는 수술로 치료해야 합니다.
105,추간판 헤르니아,"등뼈의 뼈 사이에 있는 추간판은 뼈끼리 부딪치지 않도록 쿠션 역할을 합니다. 그 추간판이 튀어나와 신경을 압박하고, 다양한 장애를 일으키는 상태입니다. 치료방법으로는 일단 안정을 취하고 평소 스테로이드제나 레이저 치료 등으로 통증을 완화하는데, 병변 부위에 특수한 약제를 주입하는 방법이 실시되기도 합니다. 증상이 심할 경우에는 수술로 환부를 도려냅니다."
106,전정장애,귀에서 뇌로 연결되는 평행감각을 다스리는 전정 부위에 이상이 생기는 질환입니다. 치료방법으로는 항생물질이나 스테로이드제를 투여하고 적절한 치료를 하면 며칠에서 몇 주 사이에 병상을 개선할 수 있습니다. 후유증으로 고개가 기울어진 상태가 지속되기도 하므로 이상이 보이면 조기에 진찰을 받아야 합니다.
107,내이염,귀의 가장 안쪽 깊은 곳에 있는 내이에서 일어나는 내이염은 외이염이나 중이염이 확대되어 일어납니다. 치료방법으로는 원인이 되는 외이염이나 내이염을 치료해야합니다. 장애가 심하면 증상의 개선이 어려워집니다.
108,고관절 형성부전,허리와 대퇴골을 연결하는 고관절이 변형되기 때문에 걷는 모습이 이상해지고 점점 관절의 움직임이 제한됩니다. 치료방법으로는 운동을 제한하고 체중을 관리하면서 항염증약이나 진통제 등을 투여하여 염증을 완화시킵니다. 뼈를 절제하고 관절 형성 수술을 하는 경우도 있습니다.
109,슬개골 탈구,"슬개골탈구는 뒤쪽 다리 무릎쪽에 위치한 슬개골이 정상 위치를 벗어나 생기는 질병입니다. 초기에는 증상이 관찰되지 않지만, 앞다리를 들고 다니거나 높이 뛰어 오르는 경우 통증을 호호하는 경우가 있습니다. 소형견에게 잘 나타나며  수술 치료후 재발이 많으므로 각별한 사후 관리가 요구됩니다."
110,뼈의 종양,"양성 뼈 종양에는 골종, 악성 뼈 종양에는 연골육종이나 골육종 등이 있습니다. 치료 방법으로는 생명을 구하기 위해서는 안타깝지만 다리를 절단해야 하는 경우가 대부분입니다. 치료에는 항암제 등도 사용하며 폐에 전이되는 경우가 많기 때문에 완치될 가능성이 낮은 질병입니다."
111,중이염,일반적인 증상은 외이염과 거의 비슷하다. 원인은 외이염과 거의 동일한데 외이의 염증이 번져서 일어난다. 중이의 고실까지 염증이 일어나 고름이 쌓이긷 한다. 치료방법으로는 병발해 있는 외이염의 치료를 겸해서 하고 항생물질이나 소독제를 투여한다. 수술을 하기도 한다
112,열사병,열사병은 반려견이 땀으로 체온을 조절하기 어려운 신체구조를 갖고 있기 때문에 생깁니다. 뜨겁고 환기가잘 안되는 공간에서 걸릴 확률이 높으며 몸의 온도를 내리기 위해 물을 뿌려주거나 적신 타월을 감싸주고 물을 최대한 많이 공급해 주어야 증상을 완화시킬 수 있습니다.
113,기관지염,"기관지염은 바이러스나 세균, 진균 등에 감염되어 발생하는 질병으로
항생제와 흡입요법으로 치료합니다."
114,만성 폐쇄성 폐질환,"만성 폐쇄성 폐질환은 담배연기, 미세먼지 알레르기 유발 물질 등 호흡기 손상을 유발하는 물질에 지속적으로노출되거나, 구강 질환으로 호흡기가 손상된 상태가 지속되면 발생하는 질환으로 검사를 통한 진단을 통해 치료합니다."
115,폐수종,"폐수종은 폐 속에 액체가 차서 공기가 제대로 순환하지 못해 호흡 곤란을 유발하는 질병으로, 폐렴이나 심장질환 등이 원인이며, 세균 감염이나 극도의 스트레스, 급격한 운동 등으로 발병합니다. 뚜렷한 예방법이 없기 때문에 주기적인 검사를 통해 예방하셔야 합니다."
116,연구개과장증,퍼그나 시츄 등 코가 납작한 단두종에서 흔히 나타납니다.  목의 인후두부에 있는 덮개가 보통의 강아지보다 늘어져서 기도로 공기를 보내는 것을 방해하는 것이 원인입니다. 일상생활에 지장을 주지 않으면 크게 걱정하지 않아도 되지만 혀가 보라색이 되고 호흡곤란이 반복적으로 일어나는 경우 절제 수술을 필요로 합니다. 기침을 동반한다면 심장 질환일 수 있으니 정확한 검진을 받아보셔야 합니다.
117,기관허탈,"4단계로 나뉘는 기관 허탈은 기관의 원형 구조가 편평해지는 것으로  기관에서 가슴으로 들어가는 입구 부분과 기관지 부분이 편평해지는 경향이 높습니다.  편평해져 공기의 흐름이 줄어들면 산소가 충분히 공급되지 못해 쇼크사를 일으킬 수 있는 무서운 질병입니다. 비만인 경우 노령인 경우 발병할 확률이 높기 때문에 주의하셔야 합니다. 약물치료, 기관 보철물을 넣는 수술을 통해 치료 가능합니다."
118,식도 내 이물,잘못해서 이물질을 삼켜 식도가 막힌 상태이다. 때로는 완전히 막혀서 음식물을 위로 보낼 수 없게 되는 경우도 있다. 치료방법으로는 이물질을 제거한다. 내시경을 삽입해 끄집어낸다. 식도절개는 가슴을 개복해야하는 힘든 수술이므로 이물질을 위 속으로 밀어 넣을 수 있다면 위를 절개해서 꺼내는 방법을 선택한다. 특히 새끼 때에는 급여하는 내용물에 신경 써야 한다.
119,열사병,열사병은 반려견이 땀으로 체온을 조절하기 어려운 신체구조를 갖고 있기 때문에 생깁니다. 뜨겁고 환기가잘 안되는 공간에서 걸릴 확률이 높으며 몸의 온도를 내리기 위해 물을 뿌려주거나 적신 타월을 감싸주고 물을 최대한 많이 공급해 주어야 증상을 완화시킬 수 있습니다.
120,종양,"반려견에게 발병하는 주요 종양은, 가장 흔희 생기는 유선종양, 말랑말랑한 혹 덩어리가 생기는 지방종, 피부종양인 비만세포종, 혈관 내비 세포의 악성 종양인 혈관 육종, 림프절이 확장하는 림프종 등 그 종류가 매우 다양합니다. 종양의 종류와 시기에 따라 수술과 꾸준한 항암치료로 상태가 호전될 수 있습니다."
121,기흉,상처 등으로 폐나 흉벽에 구멍이 뚫려 흉강에 공기가 차는 질환이다. 그 결과 폐가 위축되면서 폐활량이 저하된다. 심해지면 생명에 지장을 주기도 한다. 치료방법으로 흉강에 쌓인 공기를 빼거나 산소를 흡입시킨다. 중증인 경우에는 개흉수술이 필요한 경우도 있다
122,폐렴,"폐 조직에 염증이 일어나는 것이 폐렴이다. 기관지염이나 인두염이 병발해 있는 경우도 많고, 심한 발열이나 호흡곤란으로 쓰러지거나, 간혹 사망에 이르기도 하는 중대한 질병이다. 치료방법으로는 항생물질 외에 진핵제, 거담제, 소염제 등을 투여한다. 중증인 경우에는 산소흡입이 필요하다. 가정에서는 안정을 유지시키고, 공기의 환기나 온도에 신경쓴다."
123,기관지염,"기관지염은 바이러스나 세균, 진균 등에 감염되어 발생하는 질병으로
항생제와 흡입요법으로 치료합니다."
124,폐수종,"폐수종은 폐 속에 액체가 차서 공기가 제대로 순환하지 못해 호흡 곤란을 유발하는 질병으로, 폐렴이나 심장질환 등이 원인이며, 세균 감염이나 극도의 스트레스, 급격한 운동 등으로 발병합니다. 뚜렷한 예방법이 없기 때문에 주기적인 검사를 통해 예방하셔야 합니다."
125,식도 내 이물,잘못해서 이물질을 삼켜 식도가 막힌 상태이다. 때로는 완전히 막혀서 음식물을 위로 보낼 수 없게 되는 경우도 있다. 치료방법으로는 이물질을 제거한다. 내시경을 삽입해 끄집어낸다. 식도절개는 가슴을 개복해야하는 힘든 수술이므로 이물질을 위 속으로 밀어 넣을 수 있다면 위를 절개해서 꺼내는 방법을 선택한다. 특히 새끼 때에는 급여하는 내용물에 신경 써야 한다.
126,횡격막 헤르니아,"횡경막은 흉강과 복강의 경계에 있는 근육질의 막으로, 호흡운동에 중요한 작용을 한다. 사고 등으로 횡격막이 눌리면서 구멍이 뚫려 장기가 가슴 안으로 쏟아지는 질환이 횡격막 헤르니아이다. 치료방법으로 증상이 심한 경우에는 신속하게 수술하여 파열부를 개복해야 한다. 개복하지 않는 경우에도 최종적으로는 수술로 치료하는 것이 일반적이다."
127,심근증,"심장 근육이 정상적으로 작용하지 않게 되어 발생하는 질병이다. 심근이 얇아지고 탄력이 없어지는 확장형, 심근이 비대한 비대형이 있으며 개에게는 확장형이 대부분을 차지한다. 치료방법으로 혈관확장제나 이뇨제 등으로 질병을 완하시키는 치료를 한다. 내복약은 장기적으로 복용해야 하는데 부작용을 걱정할 필요는 없다. 식이요법을 통해 질병의 잔행을 억제시킨다."
128,기관허탈,"4단계로 나뉘는 기관 허탈은 기관의 원형 구조가 편평해지는 것으로  기관에서 가슴으로 들어가는 입구 부분과 기관지 부분이 편평해지는 경향이 높습니다.  편평해져 공기의 흐름이 줄어들면 산소가 충분히 공급되지 못해 쇼크사를 일으킬 수 있는 무서운 질병입니다. 비만인 경우 노령인 경우 발병할 확률이 높기 때문에 주의하셔야 합니다. 약물치료, 기관 보철물을 넣는 수술을 통해 치료 가능합니다."
129,연구개과장증,퍼그나 시츄 등 코가 납작한 단두종에서 흔히 나타납니다.  목의 인후두부에 있는 덮개가 보통의 강아지보다 늘어져서 기도로 공기를 보내는 것을 방해하는 것이 원인입니다. 일상생활에 지장을 주지 않으면 크게 걱정하지 않아도 되지만 혀가 보라색이 되고 호흡곤란이 반복적으로 일어나는 경우 절제 수술을 필요로 합니다. 기침을 동반한다면 심장 질환일 수 있으니 정확한 검진을 받아보셔야 합니다.
130,포피염,"포피염은 생식기의 바깥 부분에 세균감염 또는 호르몬 문제, 방광, 비뇨기계 문제가 원인으로 발생하는 질병으로, 포피낭을 여러 차례 세척 또는 항생제 복용으로 치료합니다."
131,자궁 축농증,자궁 축농증은 세균 감염으로 자궁에 농이 차는 질환으로자궁과 난소를 제거하는 수술로 치료합니다.
132,질염,"질염은 미성숙 질, 비뇨 생식기 감염, 외상 등이 원인되어 발생하는 질병으로, 항생제 처치로 대부분 치료가 되나 필요시에는 수술 치료를 요합니다."
133,귀염증,"내분비 장애, 자가면역 부족, 알레르기성 피부질환, 귀지 형성이 주원인이며 통상 외이염, 중이염, 내이염 순으로 진행되며, 중이염까지 진행되었다면 전정기관리 손상되기도 합니다. 소독과 항생제 투여를 신속하게 해야 하고 심한 경우는 수술이 필요한 경우도 있습니다."
134,진드기 감염,"야외 활동, 산책 중 진드기가 몸에 붙으면서 생기는 감염으로 고열과 식욕부진을 동반하고, 심하면 사망에 이를 수도 있다. 야외 활동시 풀숲은 가급적 피하고, 목욕 후 육안으로 진드기 유무를 확인하고 진드기 예방약과 백신을 통해 예방할 수 있습니다."
135,내이염,귀의 가장 안쪽 깊은 곳에 있는 내이에서 일어나는 내이염은 외이염이나 중이염이 확대되어 일어납니다. 치료방법으로는 원인이 되는 외이염이나 내이염을 치료해야합니다. 장애가 심하면 증상의 개선이 어려워집니다.
136,전정장애,귀에서 뇌로 연결되는 평행감각을 다스리는 전정 부위에 이상이 생기는 질환입니다. 치료방법으로는 항생물질이나 스테로이드제를 투여하고 적절한 치료를 하면 며칠에서 몇 주 사이에 병상을 개선할 수 있습니다. 후유증으로 고개가 기울어진 상태가 지속되기도 하므로 이상이 보이면 조기에 진찰을 받아야 합니다.
137,종양,"반려견에게 발병하는 주요 종양은, 가장 흔희 생기는 유선종양, 말랑말랑한 혹 덩어리가 생기는 지방종, 피부종양인 비만세포종, 혈관 내비 세포의 악성 종양인 혈관 육종, 림프절이 확장하는 림프종 등 그 종류가 매우 다양합니다. 종양의 종류와 시기에 따라 수술과 꾸준한 항암치료로 상태가 호전될 수 있습니다."
138,중이염,일반적인 증상은 외이염과 거의 비슷하다. 원인은 외이염과 거의 동일한데 외이의 염증이 번져서 일어난다. 중이의 고실까지 염증이 일어나 고름이 쌓이긷 한다. 치료방법으로는 병발해 있는 외이염의 치료를 겸해서 하고 항생물질이나 소독제를 투여한다. 수술을 하기도 한다
139,외이염,"외이도에 염증이 생기는 흔한 질환입니다. 치료방법은 원인을 밝혀내고, 소염제나 항생물질을 투여합니다. 또 귓구멍을 세정하고 살충제를 넣어 진드기의 증식을 억제합니다. 아토피 등이 원인인 경우에는 그 질병의 진행을 억제합니다."
140,개선충증,현미경으로만 보이는 초소형 옴벌레가 개의 피부에 구멍을 뚫고 기생하면서 일어납니다. 치료방법으로는 진드기 구제약을 투여합니다. 구제약이 진드기 알에는 효과가 없기 때문에 1주일 정도 간격을 두어 투여를 반복해야 합니다.
141,마라세티아 감염증,"지방을 영양으로 이용하는, 효모균에 속하는 진균 마라세티아에 의해 일어납니다. 피부나 귀 속에 증식하여 피부염을 악화시키거나 외이염을 일으킵니다. 치료방법으로는 항진균 약을 투여하거나 바르는 외에 약용샴푸로 세정합니다."
142,이혈종,이개의 피부와 연골 사이에 혈액이나 액체가 쌓여 부어오르는 상태입니다. 치료방법으로는 귀를 절개하는 등 고인 피나 액체를 빼냅니다. 재발할 때에는 절개 후 특수한 봉합법으로 근치를 도모합니다. 외이염이 원이이 되어 일어난 경우에는 이것을 치료하면서 귀를 청결하게 유지해야 합니다.
143,중이염,일반적인 증상은 외이염과 거의 비슷하다. 원인은 외이염과 거의 동일한데 외이의 염증이 번져서 일어난다. 중이의 고실까지 염증이 일어나 고름이 쌓이긷 한다. 치료방법으로는 병발해 있는 외이염의 치료를 겸해서 하고 항생물질이나 소독제를 투여한다. 수술을 하기도 한다
144,요로결석,"요로결석은 음수량, 음식, 세균감염, 견종에 따라 발생하는 질병으로,수술로 치료합니다."
145,탈수,"반려견의 탈수는 코가 마르고, 무기력을 동반합니다. 탈수 발생시는 설탕물을 빠르게 공급해 주면 응급처치가 가능합니다."
146,급성 신부전,"급성 신부전은 선천적인 경우 또는 독성물질 섭취, 감염, 심장질환, 부정맥, 탈수 등으로 발생하는 질병으로 혈액 투석으로 치료합니다."
147,방광염,"방광염은 스트레스, 위생문제, 음수량 부족 등으로 발생하는 질병으로 재발율아 높습니다.  항생제 치료를 통해 증상을 호전 시킬 수 있습니다."
148,전립선 질환,"전립선은 정자액 생산 역할을 하는데 전립선 비대증이 대표적인 전립선 질환입니다. 요도를 압박하여 소변 배출에 지장을 주므로 빠른 치료를 요하며, 항생제 처치와 중성화 수술로 치료합니다."
149,급성 신부전,"급성 신부전은 선천적인 경우 또는 독성물질 섭취, 감염, 심장질환, 부정맥, 탈수 등으로 발생하는 질병으로 혈액 투석으로 치료합니다."
150,요로결석,"요로결석은 음수량, 음식, 세균감염, 견종에 따라 발생하는 질병으로,수술로 치료합니다."
151,요독증,"신장의 기능이 저하되어 요소, 질소 등의 노폐물이 소변으로 배출되지 못하면 채내에 쌓여서 요독증을 일으킵니다. 다른 장기에도 심각한 영향을 미치고, 말기에는 경련이나 혼수상태 등의 신경증상을 일으킵니다. 치료방법으로는 수액을 맞히는 동시에 약물요법, 식사요법을 병행합니다."
152,전립선 비대,"호르몬 불균형으로 발생하는 전립선 비대는 중성화 수술을 하지 않고 나이를 먹은 개에게 많은 질병으로, 대부분의 경우에 증상이 나타나지 않지만 증상이 없는 경우에도 노견의 절반 정도는 전립선이 비대해져 있다고 합니다. 치료방법으로는 변비 등을 완화시키는 치료를 하고, 중성화 수술을 하면 전립선이 축소되어 치유가 됩니다. 노견 등에게는 호르몬요법을 하는 경우도 있습니다. 가정에서는 변비라면 섬유질이 있는 것을 많이 먹이거나 관장을 해주는 방법도 있습니다. 이 질병은 어릴 때 중성화 수술을 시키면 발병하지 않습니다."
153,회음 헤르니아,장기가 본래 있어야 할 곳에서 다른 장소로 튀어나와 있는 상태를 뜻하는데 항분 주변의 근육 틈에서 직장 등이 튀어나오는 것입니다. 특히 노령의 수컷에게 많이 보이는 질환입니다. 치료방법은 수솔로 직장을 원래의 위치로 돌려놓고 탈출한 부위의 근육을 꿰매는 방법이 있습니다. 증상이 가벼운 경우 식이요법이나 변을 부드럽게 하는 약을 투여합니다. 전립선 비대가 원인인 경우에는 중성화 수술을 하면 예방할 수 있습니다.
154,종양,"반려견에게 발병하는 주요 종양은, 가장 흔희 생기는 유선종양, 말랑말랑한 혹 덩어리가 생기는 지방종, 피부종양인 비만세포종, 혈관 내비 세포의 악성 종양인 혈관 육종, 림프절이 확장하는 림프종 등 그 종류가 매우 다양합니다. 종양의 종류와 시기에 따라 수술과 꾸준한 항암치료로 상태가 호전될 수 있습니다."
155,방광염,방광염으로 소변이 잘 나오지 않을 경우 구토를 할 수 있습니다. 실내 온도 차이가 원인입니다.
156,급성 신부전,"급성 신부전은 선천적인 경우 또는 독성물질 섭취, 감염, 심장질환, 부정맥, 탈수 등으로 발생하는 질병으로 혈액 투석으로 치료합니다."
157,요로결석,"요로결석은 음수량, 음식, 세균감염, 견종에 따라 발생하는 질병으로,수술로 치료합니다."
158,요독증,"신장의 기능이 저하되어 요소, 질소 등의 노폐물이 소변으로 배출되지 못하면 채내에 쌓여서 요독증을 일으킵니다. 다른 장기에도 심각한 영향을 미치고, 말기에는 경련이나 혼수상태 등의 신경증상을 일으킵니다. 치료방법으로는 수액을 맞히는 동시에 약물요법, 식사요법을 병행합니다."
159,전립선염,"전립선이 커지는 질환으로, 전립선이 세균에 감염되어 염증을 일으킨 상태입니다. 중성화 수술을 하지 않은 성견, 노견에게서 많이 보입니다. 치료방법으로는 항생물질이나 항생제를 투여합니다. 재발률이 높은 질환이므로 재발을 방지하기 위해 중성화 수술을 하는 경우도 있습니다."
160,방광염,방광염으로 소변이 잘 나오지 않을 경우 구토를 할 수 있습니다. 실내 온도 차이가 원인입니다.
161,종양,"반려견에게 발병하는 주요 종양은, 가장 흔희 생기는 유선종양, 말랑말랑한 혹 덩어리가 생기는 지방종, 피부종양인 비만세포종, 혈관 내비 세포의 악성 종양인 혈관 육종, 림프절이 확장하는 림프종 등 그 종류가 매우 다양합니다. 종양의 종류와 시기에 따라 수술과 꾸준한 항암치료로 상태가 호전될 수 있습니다."
162,급성 간염,바이러스 감염이나 중독 등에 의해 간장이 장해를 받아 발생하는 질환입니다. 치료방법은 수액을 맞히거나 해독제를 투여해서 응급처지를 한 후 충분한 휴식과 영양을 공급해 간 기능 회복을 촉진시킵니다. 평소 고지방 식단을 피하고 양질의 단백질로 구성된 처방식을 주는 것이 좋습니다.
163,바베시아증,혈액 속에서 기생하는 바베시아라는 원충에 감염되어 일어나는 중증의 빈혈이 특징인 질병입니다. 바베시아는 참진드기를 매개로 합니다. 치료방법은 빈혈이나 황달의 치료 외에 황원충제를 투여합니다. 재발이 많은 질병으므로 완치시키는 것이 중요합니다. 참진드기가 기생하지 않도록 정기적으로 살충제를 주변에 살포하는 것이 예방대책입니다.
164,심장사상충 감염,"심장사상충은 모기가 전파하는 기생충성 전염병, 기침 증상으로 성충이 된 심사사상충이 반려견의 심장과 혈관에 번식하여 사망까지 이르게 합니다. 사망률도 매우 높고 뚜렷한 치료방법이 없어 한달에 한 번 꼴로 주기적인 예방을 하는 것이 최선의 방법입니다. 초기 약물치료가 가능하나, 증상이 심할 경우 외과적 수술도 고려하셔야 합니다."
165,빈혈(반려견),"적혈구의 수치가 줄어드는 빈혈은 용혈성 빈혈, 면역매개성 빈혈, 철결핍성 빈혈이 있으며  혈액검사를 통해 확인 가능합니다. 약물치료, 처방식, 수혈 등과 같은 치료를 필요로 합니다."
166,파보바이러스 장염,"파보바이러는 세포를 주로 공격하는 바이러스로, 소장, 림프 형성 조직 및 골수에서 복제되어 위장 및 심장 질환을 일으킵니다. 반려견간의 감영이나 산책 중 대변에 의해 전염되기도 합니다. 적절한 치료법은 예방접종이며 약물과 영양제 투여 및 구충제 투여로 집중적인 치료를 해야 합니다."
167,코로나바이러스 감염증,"알코올이나 비누로도 죽는 약한 바이러스지만 전염성이 매우 강하며 특히 새끼가 감염되면 설사나 구토 등이 심한 증상을 보인다. 치료방법으로는 대부분의 경우는 자연적으로 치유되지만, 심한 경우에는 설사나 구토, 탈수증상 등을 완화시키는 치료와 함께 2차 감염을 방지하기 위해서 항생물질을 투여한다. 가정에서는 안정과 보온에 힘쓰고 소화가 잘 되는 저지방 식단을 급여한다. 예방에는 백신접종이 가장 효과적이다."
168,디스템퍼(강아지 홍역),"디스템퍼는 강아지 홍역으로 소화기, 중추신경계 등에 영향을 주어 사망까지 이를 수 있습니다. 반려간의 감염 빈도도 매우 높으므로 반드시 예방접종을 하여야 하며 반려견이 사용하는공간의 소독도 필요합니다. 격리 치료가 필수이며 효과적인 치료약이 없기 때문에 증상에 따라 약을 투여 방식으로 꾸준한 치료를 해야 합니다."
169,출혈성 위장염,"출혈을 동반하는 위장 염증으로 갑자기 심하게 피가 섞인 설사를 하거나 구토하는 경우도 있다. 소형견에게서 많이 보이고, 중증인 경우 치료가 늦으면 사망에 이르기도 한다. 치료방법으로는 탈수가 심하면 수액을 맞히고, 쇼크 증상이 있다면 그에 상응하는 치료를 한다. 구토나 설사가 없는 경우에는 식사와 물을 제한하고 세균의 2차 감염을 막기 위해서 항생물질 등을 투여한다"
170,췌장염,"췌장염은 비만과 고지방 사료나 사람이 먹는 음식, 호르몬 질환 또는 당뇨, 간염, 소화기 염증등 다양한 원인으로 발생하는 질병으로 수액요법으로 정맥에 주입하여 치료합니다."
171,대장염,장의 점막에 염증이 생겨서 설사나 구토를 한다. 급성과 만성적으로 일어나는 경우가 있다. 치료방법으로는 반나절에서 하루 정도 절식을 시켜 장을 쉬게 한다. 탈수증상이 심할 때에는 수액을 맞히거나 장 점막을 보호할 수 있도록 지사제를 투여한다. 원인이 되는 바이러스 감염증은 백신 접종으로 예방할 수 있다. 효과적으로 기생충을 예방하기 위해서는 정기적으로 분변검사를 해야한다.
172,회충증,"개에게 가장 많이 존재하는 내장 기생충으로 개회충과 개소회충 두 종류가 있습니다. 특히 자견에게 많으며 대체로 어미의 뱃속에서 태내 감염되는데, 이 경우 신생아에게 이미 기생하고 있습니다. 치료방법은 구충약을 투여하고 항생제 등으로 체력회복을 도모해야합니다. 배변 후에는 변을 즉시 처리하는 등 위생에 신경 쓰는 것이 예방이 됩니다. 두물지만 사람이 감염되는 경우도 있으므로 특히 아이가 있는 집에서는 주의가 필요합니다."
173,췌외분비부전,"췌장에서 소화효소가 충분히 분비되지 않기 때문에 식욕이 왕성한데도 소화불량을 일으키고, 영양을 흡수하지 못해 체중이 감소하는 질병이다. 치료방법으로는 소화효소를 투여해서 보급하고 비타민 보충제 등으로 영양의 밸런스를 맞춰준다. 항생물질이나 스테로이드제를 처방하는 경우도 있다. 식사는 저지방으로 소화하기 쉬운 것을 조금씩 급여하도록 한다. 개가 과식을 하지 않도록 신경 쓴다."
174,소화기 종양,"장기에는 다양한 종양이 생긴다. 소화기계로는 위암, 직장암, 간장암 등이 있다. 체표의 종양과 달리 병상이 진행된 후에 발견되는 경우가 많다. 치료방법으로는 수술로 제거하거나 방사선 요법이나 항암제, 면역요법 등도 시도해볼 수 있다. 조기발견이 중요해서 빨리 치료하면 나올 확률이 크다. 위암이나 간장암은 꽤 커진 후에야 발견되는 경우가 많은데, CT나 MRI 등 사람과 마찬가지로 영상진단이 보급됨에 따라 복강 내의 종양을 조기 발견할 확률이 늘고 있다."
175,조충증,"성충이 오이씨가 연결된 듯한 형태를 하고 있다고 해서오이조충이라고도 불리는 기생충으로, 길이가 50cm 이상이나 된다. 벼룩이 매개가 되어 감염된다. 항문이 자극을 받기 때문에 개는 엉덩이를 땅에 문지르는 행동을 하게 된다. 치료방법으로는 약이나 주사로 구충하고 영양불량이 됐을 때에는 영양제 등을 투여한다. 중간 숙주가 되는 벼룩을 구제하는 것이 가장 효과적인 예방법이므로 벼룩 구제약이나 샴푸를 이용해 벼룩을 퇴치한다. 개와 개집도 모두 청결하도록 신경 써야 한다."
176,장폐색,"장폐색은 위에서 내려온 내용물이 장에서 막히는 질환으로, 증상이 심하면 내용물이 전혀 움직이지 않기 때문에 사망에 이르기도 합니다. 탈수증상이나 쇼크증상을 치료로 가라앉히고, 상태가 안정된 후에는 한시라도 빨리 개복수술을 해야 합니다. 치료 후에는 일정 기간 절식시킨 후 수분보급, 유동식 순으로 급여합니다."
177,자궁 축농증,자궁 축농증은 세균 감염으로 자궁에 농이 차는 질환으로자궁과 난소를 제거하는 수술로 치료합니다.
178,파보바이러스 장염,"파보바이러는 세포를 주로 공격하는 바이러스로, 소장, 림프 형성 조직 및 골수에서 복제되어 위장 및 심장 질환을 일으킵니다. 반려견간의 감영이나 산책 중 대변에 의해 전염되기도 합니다. 적절한 치료법은 예방접종이며 약물과 영양제 투여 및 구충제 투여로 집중적인 치료를 해야 합니다."
179,렙토스피라 감염증,개뿐만 아니라 대부분의 동물이 감염되는 질병으로 동물에게서 사람에게 감염되기도 합니다. 대부분은 증상이 나타나지 않지만 급성 증상이 나타난 경우에는 사망률이 높은 질병입니다. 항생물질을 투여하는 외에 신장이나 간장장애를 치료합니다. 습도가 높은 환경에서 쉽게 발생하므로 청결이나 위생에 신경 써야합니다. 사람에게 감염될 우려가 있으므로 간호 후에 소독을 충분히 해야합니다. 하지만 이 질병은 백신으로 예방할 수 있습니다.
180,급성 위염,위의 점막이 급성 염증을 일으키는 질병이다. 증상이 가벼운 경우에는 하루 동안 식사를 제한하면 곧 회복된다. 이물질을 삼킨 경우에는 토해내게 해야 하는데 토해내지 않는다면 수술이 필요하다. 탈수증상이 있을 때에는 수액치료 등을 병행한다. 구토나 설사가 가라앉은 후에는 미지근한 물부터 주고 식사는 소화가 잘 되는 유동식을 준비한다.
181,만성 위염,"위 점막이 만성적으로 염증을 일으키는 상태이다. 원인은 다양하지만 위가 반복적인 자극을 받아서 일어난다. 급성 위염이 잘 낫지 않아 만성화되는 경우도 있다. 치료방법으로는 원인이 확실하다면 그것부터 치료를 하고, 원인이 확실하지 않을 때에는 증상을 완화시키기 위해서 점막을 보호하는 약이나 구토를 멈추게 하는 약, 항생물질등을 투여하고 식사요법을 병행하는 것이 일반적이다. 가정에서는 소화가 잘되는 식사를 조금씩 여러 차례에 나눠서 급여한다."
182,췌장염,"췌장염은 비만과 고지방 사료나 사람이 먹는 음식, 호르몬 질환 또는 당뇨, 간염, 소화기 염증등 다양한 원인으로 발생하는 질병으로 수액요법으로 정맥에 주입하여 치료합니다."
183,출혈성 위장염,"출혈을 동반하는 위장 염증으로 갑자기 심하게 피가 섞인 설사를 하거나 구토하는 경우도 있다. 소형견에게서 많이 보이고, 중증인 경우 치료가 늦으면 사망에 이르기도 한다. 치료방법으로는 탈수가 심하면 수액을 맞히고, 쇼크 증상이 있다면 그에 상응하는 치료를 한다. 구토나 설사가 없는 경우에는 식사와 물을 제한하고 세균의 2차 감염을 막기 위해서 항생물질 등을 투여한다"
184,장폐색,"장폐색은 위에서 내려온 내용물이 장에서 막히는 질환으로, 증상이 심하면 내용물이 전혀 움직이지 않기 때문에 사망에 이르기도 합니다. 탈수증상이나 쇼크증상을 치료로 가라앉히고, 상태가 안정된 후에는 한시라도 빨리 개복수술을 해야 합니다. 치료 후에는 일정 기간 절식시킨 후 수분보급, 유동식 순으로 급여합니다."
185,급성 간염,바이러스 감염이나 중독 등에 의해 간장이 장해를 받아 발생하는 질환입니다. 치료방법은 수액을 맞히거나 해독제를 투여해서 응급처지를 한 후 충분한 휴식과 영양을 공급해 간 기능 회복을 촉진시킵니다. 평소 고지방 식단을 피하고 양질의 단백질로 구성된 처방식을 주는 것이 좋습니다.
186,급성 신부전,"급성 신부전은 선천적인 경우 또는 독성물질 섭취, 감염, 심장질환, 부정맥, 탈수 등으로 발생하는 질병으로 혈액 투석으로 치료합니다."
187,요독증,"신장의 기능이 저하되어 요소, 질소 등의 노폐물이 소변으로 배출되지 못하면 채내에 쌓여서 요독증을 일으킵니다. 다른 장기에도 심각한 영향을 미치고, 말기에는 경련이나 혼수상태 등의 신경증상을 일으킵니다. 치료방법으로는 수액을 맞히는 동시에 약물요법, 식사요법을 병행합니다."
188,거대 식도증,음식물을 위로 보내는 기관인 식도에 이상증상이 번지면서 음식물이 정체해 위로 넘어가지 못하고 토해내는 질병이다. 선천적인 경우와 후천적인 경우가 있다. 치료방법으로는 원인인 질병이 있는 경우에는 그것부터 치료한다. 완치가 어렵기 때문에 식사를 주는 방법에 대해 연구해서 토하는 것을 방지하도록 한다. 개를 세운 상태에서 개보다 높은 위치에서 유동식을 급여하고 가능한 식후에도 서 있는 상태를 유지시켜 음식물이 중력으로 식도를 이동하게 한다.
189,식도 내 이물,잘못해서 이물질을 삼켜 식도가 막힌 상태이다. 때로는 완전히 막혀서 음식물을 위로 보낼 수 없게 되는 경우도 있다. 치료방법으로는 이물질을 제거한다. 내시경을 삽입해 끄집어낸다. 식도절개는 가슴을 개복해야하는 힘든 수술이므로 이물질을 위 속으로 밀어 넣을 수 있다면 위를 절개해서 꺼내는 방법을 선택한다. 특히 새끼 때에는 급여하는 내용물에 신경 써야 한다.
190,급성 간염,바이러스 감염이나 중독 등에 의해 간장이 장해를 받아 발생하는 질환입니다. 치료방법은 수액을 맞히거나 해독제를 투여해서 응급처지를 한 후 충분한 휴식과 영양을 공급해 간 기능 회복을 촉진시킵니다. 평소 고지방 식단을 피하고 양질의 단백질로 구성된 처방식을 주는 것이 좋습니다.
191,급성 간염,바이러스 감염이나 중독 등에 의해 간장이 장해를 받아 발생하는 질환입니다. 치료방법은 수액을 맞히거나 해독제를 투여해서 응급처지를 한 후 충분한 휴식과 영양을 공급해 간 기능 회복을 촉진시킵니다. 평소 고지방 식단을 피하고 양질의 단백질로 구성된 처방식을 주는 것이 좋습니다.
192,빈혈(반려견),"적혈구의 수치가 줄어드는 빈혈은 용혈성 빈혈, 면역매개성 빈혈, 철결핍성 빈혈이 있으며  혈액검사를 통해 확인 가능합니다. 약물치료, 처방식, 수혈 등과 같은 치료를 필요로 합니다."
193,혈소판 감소증,"출혈이 생겼을 때 혈액을 응고시키는 작용을 하는 혈소판이 감소하여 생기는 질병입니다. 완치는 불가능하지만 치료에 따라 증상을 완화시킬 수 있습니다. 빈혈이 심할 때에는 수혈을 하는 것이 좋지만, 혈액형이 적합하고 혈액을 제공하는 개가 가까이 있어야만 가능합니다. 치료는 장기간에 걸쳐 진행되는 경우가 종종 있습니다."
194,농피증,"감염에 의한 피부병 중에서 가장 많이 발생하는 질환이다. 평소라면 몸에 달라붙어도 문제가 없는 세균이, 개의 저항력이나 면역력이 떨어져 있는 경우 증식해서 피부를 화농화한다. 치료방법으로는 증상을 보면서 항생물질이나 항균제를 투여하고 세균의 증식을 억제한다. 만성화된 경우에는 약의 투여가 장기화되기도 한다."
195,급성 신부전,"급성 신부전은 선천적인 경우 또는 독성물질 섭취, 감염, 심장질환, 부정맥, 탈수 등으로 발생하는 질병으로 혈액 투석으로 치료합니다."
196,구내염,"구내염은 세균감염. 영양결핍, 상처 등에 의해 발병하는 질병으로, 통증이 심해질 경우 반려견이 제대로 음식물을 씹지 못할 정도로고통스러워 하는 질병이다. 치과적 진단 후 항생제 투여 또는 염증치료를 반드시 수반해야 합니다."
197,치주 질환,초기에는 잇몸이 염증을 일으키는 잇몸염증이 되지만 점차 치주염으로 진행되고 이빨이 흔들리게 되어 빠지거나 고름이 고이며 원래 상태로는 돌아갈 수 없다. 치료방법은 입안을 청결하게 하고 치구를 제거한 후 필요에 따라 항생물질을 투여한다. 심할 경우에는 마취하에 치구나 치석을 제거하고 환부를 소독하여 항생물질이나 소독제를 투여한다
198,충치,개의 입속은 사람보다 충치의 원인균이 서식하기 어려운 환경이기 때문에 개는 충치가 적은 것으로 인식되다가 현재는 입속 질병의 10% 가까이가 충치인 것으로 알려졌다. 치료방법으로 이빨의 애나멜질과 상아질을 제거하고 충진해서 수복한다. 진행되면 발치한다. 평소 치구나 치석이 붙지 않도록 칫솔질을 해서 이빨을 닦아주거나 양치용품을 급여하여 입속의 위생을 보호하자
199,치근첨주위농양,"이빨 뿌리 쪽에 심한 염증을 일으키고 고름이 고인 상태이다. 밖에서는 보이지 않기 때문에 증상이 진행되기 전까지는 반려인이 좀처럼 알아차리기 어려운 질병이다. 치료방법으로는 이빨의 괴사한 부분을 도려내고 약을 채우거나 발치한다. 예방으로는 치주질환이 되지 않도록 이빨 손질을 해야 하고, 딱딱한 것을 장난삼아 씹는 버릇이 있을 때에는 갖고 노는 장난감에 신경 써서 교정시키도록 한다."
200,구강종양,"구강종양은 특별한 원인이 없이 단지 노화가 되면서 발생하는 질병으로, 정기적인 검진이 꼭 합니다.강아지에게 자주 발생하는 종양 중에는 잇몸에 생기는 종양, 치은종이 대표적이며 스케일링과 발치 수술로 치료합니다."
201,애나멜질 형성부전,이빨 표면의 애나멜질이 충분히 발달되지 않아서 이빨이 보호받지 못하고 부러지기 쉽거나 음식물이 이빨을 자극하는 등의 개에게는 비교적 흔히 보이는 질병이다. 치료방법으로는 이빨 표면을 매끄럽게 하고 수복재로 수복한다. 표면 특수 코팅으로 보호하기도 한다.
202,열사병,열사병은 반려견이 땀으로 체온을 조절하기 어려운 신체구조를 갖고 있기 때문에 생깁니다. 뜨겁고 환기가잘 안되는 공간에서 걸릴 확률이 높으며 몸의 온도를 내리기 위해 물을 뿌려주거나 적신 타월을 감싸주고 물을 최대한 많이 공급해 주어야 증상을 완화시킬 수 있습니다.
203,자궁 축농증,자궁 축농증은 세균 감염으로 자궁에 농이 차는 질환으로자궁과 난소를 제거하는 수술로 치료합니다.
204,종양,"반려견에게 발병하는 주요 종양은, 가장 흔희 생기는 유선종양, 말랑말랑한 혹 덩어리가 생기는 지방종, 피부종양인 비만세포종, 혈관 내비 세포의 악성 종양인 혈관 육종, 림프절이 확장하는 림프종 등 그 종류가 매우 다양합니다. 종양의 종류와 시기에 따라 수술과 꾸준한 항암치료로 상태가 호전될 수 있습니다."
205,내이염,귀의 가장 안쪽 깊은 곳에 있는 내이에서 일어나는 내이염은 외이염이나 중이염이 확대되어 일어납니다. 치료방법으로는 원인이 되는 외이염이나 내이염을 치료해야합니다. 장애가 심하면 증상의 개선이 어려워집니다.
206,관절염,"관절염은 노화, 부상, 감염 등의 질병으로 인해 염증이 발생하며,
약물치료와 수술이 요구되는 질병입니다."
207,자기면역에 의한 피부병,"사람이나 동물은 채내에 바이러스나 세균을 비롯한 유해한 물질이 침입했을 때 그것을 공격해서 배제하려는 면역이라는 기능을 갖고 있다. 이 면역기능에 이상이 발생하여 자신의 몸을 공격하는 경우가 있는데 피부에도 다양한 증상을 일으킨다. 치료방법으로는 몇 가지 약을 조합해서 투여한다. 일반적으로 피부병 치료에는 끈기가 필요한데, 자기면역성인 질병은 특히 장기요양을 해야 한다. 자기면역력의 밸런스를 조절하도록 피부를 청결하게 유지하고 최대한 자극을 받지 않기 위해서는 직사광선을 피하거나 기생충을 구제하는등의 주의가 필요하다"
208,중이염,일반적인 증상은 외이염과 거의 비슷하다. 원인은 외이염과 거의 동일한데 외이의 염증이 번져서 일어난다. 중이의 고실까지 염증이 일어나 고름이 쌓이긷 한다. 치료방법으로는 병발해 있는 외이염의 치료를 겸해서 하고 항생물질이나 소독제를 투여한다. 수술을 하기도 한다
209,폐렴,"폐 조직에 염증이 일어나는 것이 폐렴이다. 기관지염이나 인두염이 병발해 있는 경우도 많고, 심한 발열이나 호흡곤란으로 쓰러지거나, 간혹 사망에 이르기도 하는 중대한 질병이다. 치료방법으로는 항생물질 외에 진핵제, 거담제, 소염제 등을 투여한다. 중증인 경우에는 산소흡입이 필요하다. 가정에서는 안정을 유지시키고, 공기의 환기나 온도에 신경쓴다."
210,폐수종,"폐수종은 폐 속에 액체가 차서 공기가 제대로 순환하지 못해 호흡 곤란을 유발하는 질병으로, 폐렴이나 심장질환 등이 원인이며, 세균 감염이나 극도의 스트레스, 급격한 운동 등으로 발병합니다. 뚜렷한 예방법이 없기 때문에 주기적인 검사를 통해 예방하셔야 합니다."
211,기관지염,"기관지염은 바이러스나 세균, 진균 등에 감염되어 발생하는 질병으로
항생제와 흡입요법으로 치료합니다."
212,디스템퍼(강아지 홍역),"디스템퍼는 강아지 홍역으로 소화기, 중추신경계 등에 영향을 주어 사망까지 이를 수 있습니다. 반려간의 감염 빈도도 매우 높으므로 반드시 예방접종을 하여야 하며 반려견이 사용하는공간의 소독도 필요합니다. 격리 치료가 필수이며 효과적인 치료약이 없기 때문에 증상에 따라 약을 투여 방식으로 꾸준한 치료를 해야 합니다."
213,켄넬코프,"개의 전염성 기관지염으로 '개가 걸리는 감기' 입니다. 치료방법은 바이러스에 효과적인 약이 없기 때문에 기침을 가라앉히기 위한 치료를 중심으로 항생물질 등을 투여합니다. 가정에서는 보온이나 환기에 주의를 기울이고, 폐렴으로 전이되지 않도록 주의하고 컨디션이 좋지 않을 때에는 개가 모여 있는 곳에 데려가지 않도록 합니다."
214,심장사상충 감염,"심장사상충은 모기가 전파하는 기생충성 전염병, 기침 증상으로 성충이 된 심사사상충이 반려견의 심장과 혈관에 번식하여 사망까지 이르게 합니다. 사망률도 매우 높고 뚜렷한 치료방법이 없어 한달에 한 번 꼴로 주기적인 예방을 하는 것이 최선의 방법입니다. 초기 약물치료가 가능하나, 증상이 심할 경우 외과적 수술도 고려하셔야 합니다."
215,기관허탈,"4단계로 나뉘는 기관 허탈은 기관의 원형 구조가 편평해지는 것으로  기관에서 가슴으로 들어가는 입구 부분과 기관지 부분이 편평해지는 경향이 높습니다.  편평해져 공기의 흐름이 줄어들면 산소가 충분히 공급되지 못해 쇼크사를 일으킬 수 있는 무서운 질병입니다. 비만인 경우 노령인 경우 발병할 확률이 높기 때문에 주의하셔야 합니다. 약물치료, 기관 보철물을 넣는 수술을 통해 치료 가능합니다."
216,심근증,"심장 근육이 정상적으로 작용하지 않게 되어 발생하는 질병이다. 심근이 얇아지고 탄력이 없어지는 확장형, 심근이 비대한 비대형이 있으며 개에게는 확장형이 대부분을 차지한다. 치료방법으로 혈관확장제나 이뇨제 등으로 질병을 완하시키는 치료를 한다. 내복약은 장기적으로 복용해야 하는데 부작용을 걱정할 필요는 없다. 식이요법을 통해 질병의 잔행을 억제시킨다."
217,승모판 폐쇄부전,"승모판은 좌심방과 우심실 사이에 있는 2장의 판을 말하는데 이 판이 잘 닫히지 않게 되면서 일어난다. 심해지면 생명에도 지장을 주는 질병이다. 치료방법으로는 나이를 먹으면서 발생하는 징병이기 때문에 완치는 불가능하다. 혈관확장제, 이뇨제, 강심제 등을 사용해 몸의 부담을 덜어준다. 조기발견, 조기치료, 조기치료가 장수의 비결이다. 기침이 나오거나 5살을 넘기면 검사를 받는게 좋다. 원칙적으로 식사는 염분을 제한해야 하며, 심장병용 치료식으로 바꿔주는 것이 좋다."
218,간질,갑자기 의식을 잃거나 온몸이 경련하는 발작이 수십 초 동안 계속된다. 안정되면 보통 상태로 돌아오지만 한 달 사이에 몇 번씩 발생하는 겨우가 있다. 치료방법으로는 항간질제를 응용하면 발작을 억제할 수 있다. 증상이나 일반검사로 원인을 조사할 수 있는데 CT나 MRI 검사 등을 하면 변병부를 특정할 수도 있다. 발작이 언제 어떤 상황에서 일어났는지 기록해두고 원인을 알아본다. 발작 중에 소란을 피우면 혼란에 빠진 개가 물 수도 있으니 버둥거리는 개가 다치지 않도록 반려인은 침착하게 대처해야 한다.
219,종양,"반려견에게 발병하는 주요 종양은, 가장 흔희 생기는 유선종양, 말랑말랑한 혹 덩어리가 생기는 지방종, 피부종양인 비만세포종, 혈관 내비 세포의 악성 종양인 혈관 육종, 림프절이 확장하는 림프종 등 그 종류가 매우 다양합니다. 종양의 종류와 시기에 따라 수술과 꾸준한 항암치료로 상태가 호전될 수 있습니다."
220,신부전,"신부전증은 신장의 일부 기능에 문제가 생겨 나타나는 증상으로 급성과 만성으로 나울 수 있습니다. 급성 신부전증은 비교적 치료가 쉬우나 만성 신부전증은 신장의 대부분이 망가진 상태라 회복이 어려운 경우도 종종 있습니다. 원인은 당뇨병이나 요로가 막혀 생기는 경우가 있으며, 사람이 먹은 음삭을 먹어 생기는 경우도 있으니, 꾸준한 검사와 보호자의 관심이 필요합니다."
221,광견병,광견병은 광견병 바이러스에 의해 15-60일 간의 잠복기를 두고 발병하는 질병으로 사후 치료법은 없고 사망률이 거의 100%에 이르는 매우 위험한 질병입니다. 경련과 발작이 반복되어 반려견이 매우 고통스러워 합니다. 정기적인 예방접종 만이 최선의 치료입니다.
222,디스템퍼(강아지 홍역),"디스템퍼는 강아지 홍역으로 소화기, 중추신경계 등에 영향을 주어 사망까지 이를 수 있습니다. 반려간의 감염 빈도도 매우 높으므로 반드시 예방접종을 하여야 하며 반려견이 사용하는공간의 소독도 필요합니다. 격리 치료가 필수이며 효과적인 치료약이 없기 때문에 증상에 따라 약을 투여 방식으로 꾸준한 치료를 해야 합니다."
223,동맥관 개존증,"심장에 이상을 갖고 태어나는 선천성 심장병 종류 중에서도 흔히 보이는 질병이다. 출생 후에 원래는 닫혀야 할 동맥관이 정상적으로 닫히지 않고 열려 있는 상태가 지속되는 질병이다. 치료방법으로는 증상을 완화시키는 치료를 한 후에, 상태가 안정되면 전문의에게 수술을 받을 수 있다."
224,심실 중격 결손증,"심장 좌우의 심실, 또는 심방 사이의 벽에 선천적으로 구멍이 뚫려 그 사이로 혈액이 역류하면서 발생하는 질병이다. 구멍이 작으면 증상이 나타나지 않는 경우도 있지만, 중증이라면 다양한 장애가 나타난다. 치료방법으로는 무증상인 경우에는 특별히 치료할 필요가 없지만, 중증인 경우에는 증상에 따른 치료를 하면 되는데 간혹 꼭 수술을 해야 하는 경우도 있다."
225,폐동맥 협착증,폐동맥의 입구가 좁아져 발생하는 질병이다. 이것도 선천성 이상 중에서는 발생 빈도가 높은 질병이다. 폐로 보내는 혈액이 부족하기 때문에 다양한 증상이 나타난다. 치료방법으로는 경도인 경우에는 증상을 완화시키는 치료를 하면서 상태를 살펴볼 수 있지만 심해지면 전문가에게 수술을 받아야 한다.
226,심장사상충 감염,"심장사상충은 모기가 전파하는 기생충성 전염병, 기침 증상으로 성충이 된 심사사상충이 반려견의 심장과 혈관에 번식하여 사망까지 이르게 합니다. 사망률도 매우 높고 뚜렷한 치료방법이 없어 한달에 한 번 꼴로 주기적인 예방을 하는 것이 최선의 방법입니다. 초기 약물치료가 가능하나, 증상이 심할 경우 외과적 수술도 고려하셔야 합니다."
227,승모판 폐쇄부전,"승모판은 좌심방과 우심실 사이에 있는 2장의 판을 말하는데 이 판이 잘 닫히지 않게 되면서 일어난다. 심해지면 생명에도 지장을 주는 질병이다. 치료방법으로는 나이를 먹으면서 발생하는 징병이기 때문에 완치는 불가능하다. 혈관확장제, 이뇨제, 강심제 등을 사용해 몸의 부담을 덜어준다. 조기발견, 조기치료, 조기치료가 장수의 비결이다. 기침이 나오거나 5살을 넘기면 검사를 받는게 좋다. 원칙적으로 식사는 염분을 제한해야 하며, 심장병용 치료식으로 바꿔주는 것이 좋다."
228,심근증,"심장 근육이 정상적으로 작용하지 않게 되어 발생하는 질병이다. 심근이 얇아지고 탄력이 없어지는 확장형, 심근이 비대한 비대형이 있으며 개에게는 확장형이 대부분을 차지한다. 치료방법으로 혈관확장제나 이뇨제 등으로 질병을 완하시키는 치료를 한다. 내복약은 장기적으로 복용해야 하는데 부작용을 걱정할 필요는 없다. 식이요법을 통해 질병의 잔행을 억제시킨다."
229,부정맥,"일정한 리듬을 타는 심장의 박동이 어떤 이상에 의해 흐트러지면서 발생하는 질병이다. 일반적으로 증상을 보이지 않기 때문에 반려인도 깨닫지 못하는 경우가 많지만, 치료가 필요할 정도로 심각한 경우도 있다. 치료방법으로는 원인이 되는 질병을 치료한다. 증상이 가벼운 경우에는 항부정맥제 등을 쓰면 되지만, 긴급히 치료해야 하는 경우도 있다."
230,위확장-염전,"위확장(염전)은 가스가 많이 차서 위가 부풀어 올라 생기는 질병입니다. 혈관이 막히기 때문에 사망에 이를 수 있어, 반드시 신속하게 응급병원을 방문하셔야 합니다.."
231,자궁 축농증,자궁 축농증은 세균 감염으로 자궁에 농이 차는 질환으로자궁과 난소를 제거하는 수술로 치료합니다.
232,요로결석,"요로결석은 음수량, 음식, 세균감염, 견종에 따라 발생하는 질병으로,수술로 치료합니다."
233,폐동맥 협착증,폐동맥의 입구가 좁아져 발생하는 질병이다. 이것도 선천성 이상 중에서는 발생 빈도가 높은 질병이다. 폐로 보내는 혈액이 부족하기 때문에 다양한 증상이 나타난다. 치료방법으로는 경도인 경우에는 증상을 완화시키는 치료를 하면서 상태를 살펴볼 수 있지만 심해지면 전문가에게 수술을 받아야 한다.
234,심실 중격 결손증,"심장 좌우의 심실, 또는 심방 사이의 벽에 선천적으로 구멍이 뚫려 그 사이로 혈액이 역류하면서 발생하는 질병이다. 구멍이 작으면 증상이 나타나지 않는 경우도 있지만, 중증이라면 다양한 장애가 나타난다. 치료방법으로는 무증상인 경우에는 특별히 치료할 필요가 없지만, 중증인 경우에는 증상에 따른 치료를 하면 되는데 간혹 꼭 수술을 해야 하는 경우도 있다."
235,심근증,"심장 근육이 정상적으로 작용하지 않게 되어 발생하는 질병이다. 심근이 얇아지고 탄력이 없어지는 확장형, 심근이 비대한 비대형이 있으며 개에게는 확장형이 대부분을 차지한다. 치료방법으로 혈관확장제나 이뇨제 등으로 질병을 완하시키는 치료를 한다. 내복약은 장기적으로 복용해야 하는데 부작용을 걱정할 필요는 없다. 식이요법을 통해 질병의 잔행을 억제시킨다."
236,심장사상충 감염,"심장사상충은 모기가 전파하는 기생충성 전염병, 기침 증상으로 성충이 된 심사사상충이 반려견의 심장과 혈관에 번식하여 사망까지 이르게 합니다. 사망률도 매우 높고 뚜렷한 치료방법이 없어 한달에 한 번 꼴로 주기적인 예방을 하는 것이 최선의 방법입니다. 초기 약물치료가 가능하나, 증상이 심할 경우 외과적 수술도 고려하셔야 합니다."
237,쿠싱증후군,"쿠싱증후근은 공팥 위에 있는 부신이라는 기관이 호르몬을 분비하는데, 이 호르몬이 과다 분비되어 발생하는 질병입니다. 종양이나 종종 멍이드는 것도 관찰될 수 있으먀, 스테로이드 약물 복용으로도 발병할 수 있으며, 정확한 검사를 통해 수술이나 약물로 치료할 수 있습니다."
238,소화기 종양,"장기에는 다양한 종양이 생긴다. 소화기계로는 위암, 직장암, 간장암 등이 있다. 체표의 종양과 달리 병상이 진행된 후에 발견되는 경우가 많다. 치료방법으로는 수술로 제거하거나 방사선 요법이나 항암제, 면역요법 등도 시도해볼 수 있다. 조기발견이 중요해서 빨리 치료하면 나올 확률이 크다. 위암이나 간장암은 꽤 커진 후에야 발견되는 경우가 많은데, CT나 MRI 등 사람과 마찬가지로 영상진단이 보급됨에 따라 복강 내의 종양을 조기 발견할 확률이 늘고 있다."
